,Unnamed: 0,tier,rank,summonerId,summonerName,leaguePoints,wins,losses,totalGames,winRate,masteryRatio,mostPlayedID,key,name
0,2,IRON,I,UfrJNduCZNKOIymSY7Jbo8Ei3sD-7K9A_R-Yd28V1VWFck6f,ChivarExpress,0,6,14,20,30.0,6.492975165726723,17.0,17.0,Teemo
1,526,IRON,III,nUPRatRmu-VFLGRnPPP8JJEXREXyEp2ko5U-730aPsbDAeqw,x lexi x,94,14,44,58,24.137931034482758,7.073963852798141,17.0,17.0,Teemo
2,2375,SILVER,IV,wJKrmjZ7xw1qQJehaelcMWlSQzQCzIJRZlxMExzBJ3mT53rD,Shr00m Dealer,25,24,25,49,48.97959183673469,5.8649121528030905,17.0,17.0,Teemo
3,3589,PLATINUM,II,PXm69nmE9DZ44ZjcuKLkFh3o7gQ1t3BzsxbA_-aFF8P6YoqV,lvluphagoPa,0,266,239,505,52.67326732673268,19.618646123983982,17.0,17.0,Teemo
4,3662,PLATINUM,II,MACrWMIBc2LScmkn3kdjSj2kek-uwIgL-U-T_4ywE87r5xLn,GlHfGgNoReKTyBye,23,11,8,19,57.89473684210527,10.78936300709717,17.0,17.0,Teemo
5,4221,DIAMOND,II,4wrHpKcjMsVhxZvTOMOQ2mgGo2Dw-wPjJ8Xpekf4EcDMZQmw,def not jimmy,100,28,19,47,59.57446808510638,19.704662979450518,17.0,17.0,Teemo
6,4274,DIAMOND,II,EDLr7BkdmWdGFZsb5YcCr_KbLGpbi55x7TxNYkWCW5uj_JBq,Jimmyz,26,67,73,140,47.85714285714286,12.129109863672815,17.0,17.0,Teemo
7,17,IRON,I,sQoz6ksfzMh5FW6n5zAJsI1-grdrjKb3EYKMwHeyD-aFn5eZ,Grayco,79,26,30,56,46.42857142857143,32.63182064726089,19.0,19.0,Warwick
8,140,IRON,I,m_Yd3LXB3vc7KisFyXlLhpqpj65JvnnQM3aFD4yJBMe228qG,ANiceSpy,55,3,9,12,25.0,26.092115848753014,19.0,19.0,Warwick
9,1859,SILVER,II,d34BajoPM_Ire4jvgVmHNzDCHRCOFvAdhqg8SynpiIXanCmW,Juat A Lord,0,42,49,91,46.15384615384615,37.248836881432396,19.0,19.0,Warwick
10,2247,SILVER,III,LnjjmjJVO4_0Iz887codKB0LcudwbLq2xwOwaXPCwYS6af0Y,Brehunosereies,5,73,79,152,48.026315789473685,16.915637173066226,19.0,19.0,Warwick
11,2874,GOLD,III,yZ7ZSNRdMjA7I6xnsFeDvsLVcUpTypjrRWpgS_rixjbRQHSL,Hsu Hao Vq,0,105,108,213,49.29577464788733,11.176142380060275,19.0,19.0,Warwick
12,3755,PLATINUM,III,z33aiNyf9goVyieXxUHwxlVu9kwsqKpt_s1OneuEh6P57jA9,Rexboy,39,58,74,132,43.93939393939394,7.232056357266622,19.0,19.0,Warwick
13,37,IRON,I,0LIs4SZpK3sbgYaN8-Wixff-GJjCxH_CU6Km47j8Nus5Z90E,Icedragon2757,100,7,15,22,31.818181818181817,5.640502845706422,498.0,498.0,Xayah
14,251,IRON,II,rhHeczacb7mg_K2UhESM0N2DATbfbElPhOn-uD-8vViZVj0M,Dugmeister,53,1,10,11,9.090909090909092,10.74787693164416,498.0,498.0,Xayah
15,59,IRON,I,Fy88ljxRwDeK7_Bu1bNcCKoBop8WZE-ktHYQf1k7aB_nd6dt,Frosst10,59,5,13,18,27.77777777777778,17.012018234562785,18.0,18.0,Tristana
16,1381,BRONZE,III,52EgGNToYupGQjK5qS6Hcoyct6b6j3PrrfjUV2bS1vys_srW,haddeees,43,44,44,88,50.0,7.777681129758494,18.0,18.0,Tristana
17,65,IRON,I,REAGTrNjXsGAg5pBFrOranVoVcWYOOF8ygGNLI_086vX6CPQ,XZephyrXx,63,3,7,10,30.0,12.911448853294505,28.0,28.0,Evelynn
18,1838,SILVER,I,q0xm1SD5smFzQgmunZdBc1kXiwv_FpNMbcX5P0K84C3sBXMI,keveIynn,18,44,38,82,53.65853658536586,6.371801790582148,28.0,28.0,Evelynn
19,2592,GOLD,I,E0HnB-kqENM0uLdEBA22xPV1YKYIfcwsCCgMxComu4isNafG,Girthy Forearm,0,59,62,121,48.760330578512395,15.792739469270987,28.0,28.0,Evelynn
20,3639,PLATINUM,II,LoWydTcm29M4BL7ullaGtF0Cnxe28Sz4YgHM3G1WbpHigxB6,Eve,42,63,58,121,52.066115702479344,7.64460889078863,28.0,28.0,Evelynn
21,3749,PLATINUM,III,4HsI0eyT5ZoE54sr1Y0I7F4cXkxJb1PNqYlEUOUbEXaJR8c3,ElevatedPotat0,100,76,62,138,55.072463768115945,5.532317448989521,28.0,28.0,Evelynn
22,80,IRON,I,4UKiiNUym40Yn8dxZzDdw5Dc86pUxL3kgJUw6pDMFG5oiMY9,AlredaNaruto1,8,4,6,10,40.0,10.277531050056458,91.0,91.0,Talon
23,312,IRON,II,P7SRSzszgcRaZG2HYJBcsJDEebeksjiLFVFsGmAHlFAcx9oG,tacticalwhiff,0,28,30,58,48.275862068965516,12.135693402821914,91.0,91.0,Talon
24,924,BRONZE,I,5s5kpbvuwAeixJWnQkfrDcE9-XkRPDPZI-3-jeTMcvEfbG-P,1XxProNoobxX1,93,34,11,45,75.55555555555556,5.789413316510867,91.0,91.0,Talon
25,1049,BRONZE,II,lR-oH74gPqPBeVgXa58yEKkLIxuQIxllzEztr2m_58ZZgw8t,ReizeiMako,0,15,21,36,41.66666666666667,6.895141955835962,91.0,91.0,Talon
26,1578,BRONZE,IV,Hyug6y1tG3xGzzPZh3mNJ_o22kWWpZZs6ymEYUTTnwxyAc0Q,FlickkeR,90,60,58,118,50.847457627118644,5.450356472795497,91.0,91.0,Talon
27,1645,SILVER,I,RlGFW3h_8NY9syif4WgRQWoxy0IuDm8XprARDJD0nCzMeaqP,JobRim420,12,24,25,49,48.97959183673469,7.278213885207462,91.0,91.0,Talon
28,3309,PLATINUM,I,Vy1Ou6gKWTyFJe5XtLfVOSywMzbkKQDmJ4gXsp5X4W2SAKCq,Yiyayiyayou,42,24,29,53,45.28301886792453,12.85371453802848,91.0,91.0,Talon
29,3627,PLATINUM,II,x2IJImbgzNDRauUFy5dMTFkzbmZVZh5IMDxXmqBG-SQb_6kM,KrisBy93,28,32,24,56,57.14285714285714,14.420830401125967,91.0,91.0,Talon
30,4101,DIAMOND,I,aT0-OMOuzY4iK19BS5cASC9bCYj2yCWph6Ehw1FcXaCWLhCH,HlDE,0,116,122,238,48.739495798319325,7.3937755967974015,91.0,91.0,Talon
31,4345,DIAMOND,III,6imqT89l4KwFrhy_Pza5dFf_KyfBDVJj3r_gGbcoTDpSlsoG,talon or bye XD,84,101,93,194,52.0618556701031,28.24323047858942,91.0,91.0,Talon
32,131,IRON,I,Czj7cPXAacNgebzsDLp8_epB7EbyqzR7Bvdq4jXuPcwXKB13,FlaminRubberMain,52,3,9,12,25.0,6.383546276098473,22.0,22.0,Ashe
33,492,IRON,III,IXMznmX2htyLBIyYlDwyPTFIyntGpVlKiT8dHjM053ftLpUw,Shiremonk,49,1,10,11,9.090909090909092,9.858263198163732,22.0,22.0,Ashe
34,1661,SILVER,I,IggtHuZRGSni8UlFMFQ_vrTtS5yiA1B-zu3yvIx_X0YozsMb,Faulguitarist,63,11,10,21,52.38095238095239,18.199500416319736,22.0,22.0,Ashe
35,3743,PLATINUM,III,vkFdjj0NBkAu-YX41qmc5OxgZzdqey2KNQRNAXA5POc7-SwZ,autumnCats,100,125,125,250,50.0,7.111033824873803,22.0,22.0,Ashe
36,3967,PLATINUM,IV,LGRiUgPPdKCftRP0qoQzOg93cDwzsG51AkHjnORI5BEOLBej,flyingbang,100,13,10,23,56.52173913043478,19.746541040658688,22.0,22.0,Ashe
37,172,IRON,I,SD6nuOJJ8hGXm-Yj50tGi-xBJuZblFUE1E5dAdC37DU38gNp,KNordi24,71,4,9,13,30.76923076923077,11.066710268149116,24.0,24.0,Jax
38,293,IRON,II,GUB1mx5hrgRsWAXnrGHFN_EhQqTx08lmhd_GdvQT09V43zSV,HogFireGaming,12,17,29,46,36.95652173913043,5.016382656753733,24.0,24.0,Jax
39,1431,BRONZE,III,tndxUc-7xKDqs8qNFYaovHvyovIF2Y-N-LTx-OL3-07yngcu,hubit jacokov,33,14,8,22,63.63636363636363,6.720808768250703,24.0,24.0,Jax
40,2698,GOLD,II,8qrvozQPmN2damy4SebT-Qv-ppmwPY7QTfXRglcHEVmm-mdE,TheKillerKetchup,55,42,44,86,48.837209302325576,5.224868518407423,24.0,24.0,Jax
41,3970,PLATINUM,IV,wu542OqFOyhL8Hc0NnGuW5DSAXfB3aulaBjWjdj8AzS7IxUH,YTTAO,50,119,118,237,50.210970464135016,7.507511049841536,24.0,24.0,Jax
42,174,IRON,I,GxjxjSVYEdM9871gwaOaBltsh0ePbXEh3XmFV97MjlS2HMsK,Bladeyyy2002,46,3,8,11,27.27272727272727,5.168800931315484,86.0,86.0,Garen
43,309,IRON,II,V8CdqO8SDLmL8I_4EMNmAsMLDQVbvjXLHxGwcCBBK4HSjHOo,Balboray,0,46,36,82,56.09756097560976,12.678780138550255,86.0,86.0,Garen
44,471,IRON,III,tH5mNwJMSn_B2W9c0z8IFyrx7Zr3Ovap8kV8Hqn24F2Dvcnq,Savagentle,2,54,45,99,54.54545454545454,10.61638453175959,86.0,86.0,Garen
45,548,IRON,III,d7F5o_DmuzkduCyTYlNqxHXGZrn-j9faHGJa_ttWUmm7jmT5,Godcomplex7,91,64,70,134,47.76119402985074,19.649725725538,86.0,86.0,Garen
46,555,IRON,III,HtVODU9oL84sa1InFqnW_MZScBOt6pfyuScJee84Tog7d0ac,Ripdaman,6,2,9,11,18.181818181818183,6.425896847445344,86.0,86.0,Garen
47,1354,BRONZE,III,wnfy9kglM9xV1bNrSIWSTqg9WqIRVxRZPhAErDIWZcn5sfS6,DongwonTuna2,63,4,9,13,30.76923076923077,6.4853914732103455,86.0,86.0,Garen
48,1383,BRONZE,III,6SBfu9fougndK8qyM9k74JJDUt6rIR7oj8cfWSQqbe84jUDq,Play4keepz,64,111,102,213,52.112676056338024,15.85884630274874,86.0,86.0,Garen
49,1417,BRONZE,III,Xc00kpsEJPB0tgnHdiZ7sk5ZrF4P5-We7PQFCtLDcTjrf0ss,Cosisgaming,82,29,44,73,39.726027397260275,9.899418864550736,86.0,86.0,Garen
50,187,IRON,I,n2T4hkQDcuJjUihTGuEQXUKfD3cooHdCtaO_b_oKJwB-Zesv,jjjjjkkk1121,100,3,8,11,27.27272727272727,5.984131736526946,101.0,101.0,Xerath
51,2140,SILVER,III,NryiwM8J7L-Xg_1h2GXItuhNsSfXsya6Rp_0EnVuoF8uBpZP,Terrificable,20,18,19,37,48.64864864864865,10.423555947827793,101.0,101.0,Xerath
52,3541,PLATINUM,II,xmSSwe1ianOpjW6vJKimc5cGmvIBy5vgvGiMJkDA6KagGEpJ,13th Rooks,90,31,24,55,56.36363636363636,6.901132180962588,101.0,101.0,Xerath
53,193,IRON,I,fs66929663ubYg6HgLvwCdF9B3ucNeIXE6QfPpdDV1uBTuPt,SnowRain,12,5,19,24,20.833333333333336,6.5780005897965195,16.0,16.0,Soraka
54,697,IRON,IV,zEFeQ4GeDfrhFdoFa4MnRcOMeIW1HOkX94YIZQhu5kDRMUOw,Healing420oracle,57,35,51,86,40.69767441860465,69.34875749785776,16.0,16.0,Soraka
55,3082,GOLD,IV,saFVDSqC5jVmoFpurVnKJKpJG73YcrZgjAF7nYcy9-pan9L7,SK Royale,0,37,48,85,43.529411764705884,9.109284730798166,16.0,16.0,Soraka
56,3397,PLATINUM,I,oXDLV5ypOUqC3YSZl3wXpoCUbilGpVidEV5oS6q5Fv7yEyL6,Ajax Boy,5,17,15,32,53.125,5.098498603351955,16.0,16.0,Soraka
57,3437,PLATINUM,I,Fel-gPjdEDQBMCw6HSb1m7zt1f1rbTaVJunu52BvNu1wZDeq,Banana Bop,19,90,90,180,50.0,5.541682208701501,16.0,16.0,Soraka
58,220,IRON,II,nu_WCY-n1CoyUnlteccTgE7jKA_XYJplbiwHCNka3cpT_rKb,luciddreamwalker,15,11,17,28,39.285714285714285,13.848965685081527,11.0,11.0,Master Yi
59,404,IRON,II,aEvePvn-Ei5oWBQvkaAKO1qYf_czaNVEFp07IOBxl0V9n_VI,L1ghtst3p,18,43,59,102,42.15686274509804,5.749759056635864,11.0,11.0,Master Yi
60,473,IRON,III,Sj3b6zCkuebD0beyKC-s82nPh-3aqM35iuLBkIl7CTpBqbq9,jimmythehippy,48,3,16,19,15.789473684210526,5.567503047541651,11.0,11.0,Master Yi
61,513,IRON,III,covSEbFHReO0Vib66OMhC9uJ_Mf6F-24lITNdSn6CFLRhzg0,mezsaglei,0,12,15,27,44.44444444444444,19.363488284676105,11.0,11.0,Master Yi
62,719,IRON,IV,c7HMkcm1zNPynNTWIM5l17CUT-O0MYa2SJzLw-7467UwfZOG,KentaBlade,26,3,18,21,14.285714285714285,5.012402829941481,11.0,11.0,Master Yi
63,721,IRON,IV,EReQhqawCp8jQySZeemEjcoS-xWLY_b_Tz40HpUWga1IMPAr,dudezz,11,60,81,141,42.5531914893617,7.682743239475885,11.0,11.0,Master Yi
64,776,IRON,IV,8hOHa4-Bw_tjQNMRLRwknGmgq8v9jKU5GQ0sG1GmKn-koPfx,VermilionWolf98,64,42,75,117,35.8974358974359,5.929139840844563,11.0,11.0,Master Yi
65,1492,BRONZE,IV,a6-ejP-YTKCZw9PYYSfe_JGz9sjdbs7gS29mA9CL1BgBipOd,KoreanKimchi365,53,4,8,12,33.33333333333333,6.400988533017002,11.0,11.0,Master Yi
66,1633,BRONZE,IV,y5ZF27aCGxAt0zC2XqhL7llX6OWvyw7Y_bW9IbfYiQngtnJs,tankedtaint,2,68,60,128,53.125,9.817004572862286,11.0,11.0,Master Yi
67,2209,SILVER,III,PiVcbVIBTWcVxnN-hXQ3TbCLVfIQUj6VTJYTAbCi0FshunTe,PARCIVALL29,49,91,92,183,49.72677595628415,6.518063108309376,11.0,11.0,Master Yi
68,2956,GOLD,III,H6xgdwKA6gPu2dHq6K1VCEPrigJ922eDnDOnuyUyYxq3QrvC,Thay Giao Long,38,22,17,39,56.41025641025641,6.203247261345853,11.0,11.0,Master Yi
69,3956,PLATINUM,IV,EjIzQ-U761Svvb1qxG3pfDQdXJhakbsdALKmY9elWPzAqvh3,Died In Alpha,83,17,18,35,48.57142857142857,5.729174229459455,11.0,11.0,Master Yi
70,4075,PLATINUM,IV,0WbYG2xA0T9k-C45bX_FyVygZmn5U04x0kX90d6a8aLjLNRp,WHEREMAMONEY,0,196,194,390,50.256410256410255,6.571350813641398,11.0,11.0,Master Yi
71,4418,DIAMOND,IV,hWVtb6Bt4b7DRRrDzrLD4m_zdmEi2iBL527X_36jF3SUoFmS,Yigirl,66,32,30,62,51.61290322580645,7.255110855168443,11.0,11.0,Master Yi
72,4454,DIAMOND,IV,yxNYyfr5feT3PmF70OD9i766HYq-YsJFdZYF1ddGd2w4j9BL,Call Me Dumbass,64,140,92,232,60.3448275862069,5.932341674543554,11.0,11.0,Master Yi
73,267,IRON,II,m5ow9Lk5_QQ4xyQgq1GAyLqBbrmZhk5paeRzv04o-ODp8jwR,AverageStranger,74,13,16,29,44.827586206896555,11.83833427417604,110.0,110.0,Varus
74,282,IRON,II,1sGJuJKu3s8IrO4Zo6dYfZ0McdxWXH-Ym3zRDSMlURV3r9oV,Gje11,0,22,38,60,36.666666666666664,12.664710707300145,51.0,51.0,Caitlyn
75,3516,PLATINUM,II,S-m3xZrW2EjnqgqQfe0F6oJ2vCh4vMu-qqJ7wKneJ0_0w24p,Espiritu,100,48,7,55,87.27272727272727,6.599084668192218,51.0,51.0,Caitlyn
76,299,IRON,II,qmV_JFfh2gerMXXgVRRU4xpvaBGvkC2TcKUJSS3UBfGZPUrp,zigga8000,55,20,27,47,42.5531914893617,47.24041421774421,143.0,143.0,Zyra
77,2395,SILVER,IV,hu-Hb9fQu04D7DVHiAkbM_Xub27qtx4YiQ_T6nvBJSlUtNWN,isunmoongical,0,35,25,60,58.333333333333336,5.541276669961048,143.0,143.0,Zyra
78,2469,GOLD,I,BqH2jxmS7lCpxlWo-pWapHum0YBKrU8sm8t96PbcC3Vpq2KQ,Intox ZyRa,58,16,28,44,36.36363636363637,5.909873211466979,143.0,143.0,Zyra
79,2740,GOLD,II,PbcU52vMX1dMo40SOQmnql-CifQkgraWslNqSrUb44pDkqg-,Banani Jr,10,15,16,31,48.38709677419355,7.922024714200753,143.0,143.0,Zyra
80,2750,GOLD,II,bZRiDChe8XmWScHvYLzXF8zjx8cOFNRrHUpR20kciuoOQFCq,Hey I Killed You,100,108,93,201,53.73134328358209,11.063223886940815,143.0,143.0,Zyra
81,3457,PLATINUM,I,-1De9fYSo0ySPrHiqEfTky0-IGmNhHOmSmZkdBwsyddIUYOG,Jax E vs Kobe,8,31,37,68,45.588235294117645,13.878749907864671,143.0,143.0,Zyra
82,314,IRON,II,G76Yodpyrb4HgFt_D89jE2tSQywzDNtrE9zhvhHSXmUxltTw,Ptchr33,79,53,44,97,54.63917525773196,8.695955331608335,3.0,3.0,Galio
83,329,IRON,II,XIrcbYg9nRzEqv5sb2P30yrXBSX-X2qLdBpwO0SuWwFnoJDO,Septic NaCl,97,7,7,14,50.0,7.10043431053203,63.0,63.0,Brand
84,2449,SILVER,IV,o5lel0kqwJAk5IcnI5FWDjVYMW3clpXwyCn-_0_xWj9MKRPU,Let me Brand ya,51,3,7,10,30.0,9.397665309884033,63.0,63.0,Brand
85,339,IRON,II,PmO_VCQy_CArqDLbDbzaAx9qxo7Tb1xuVDwbJ4c6uM0dGa-Q,DarkShadow1230,17,5,14,19,26.31578947368421,7.52915482580781,157.0,157.0,Yasuo
86,590,IRON,III,kT9uapnFDA-O4nxlaODier3lRwpafoFElIppYaMGLT3hfeio,LiL Nikki,71,6,8,14,42.857142857142854,5.312479575905014,157.0,157.0,Yasuo
87,833,BRONZE,I,GLJyPvlWdrPIJRb23gPR7fJ-akt9CbMUgmzZ4pkIR3FB9IKU,Netinho Psy,0,87,72,159,54.71698113207547,5.10791169614699,157.0,157.0,Yasuo
88,855,BRONZE,I,BMpUcNG1nudY3O9WoBgf0WAqCE6lytvPfPyw-u9uw25oHL-S,PlsYas,37,11,17,28,39.285714285714285,7.6866438356164375,157.0,157.0,Yasuo
89,863,BRONZE,I,l6M4-6cr9XgSvjT9YdSHXZ3luIZWwJsgonQjN-OnVztsDT4p,Jerrytomer2,61,25,16,41,60.97560975609756,10.307230589673763,157.0,157.0,Yasuo
90,1547,BRONZE,IV,YryA-XyeKL0WJJ-QYJaOQ9yTnlguqejq5GwJhl3K0Ev4TuPc,Eman3209,56,6,9,15,40.0,6.058352668213457,157.0,157.0,Yasuo
91,1575,BRONZE,IV,-D1cXENBcWC4X3XFczgkzIj4KYf5a4eOsIzJKsW_stvkR19m,FeatureJay,66,28,36,64,43.75,8.220544494570706,157.0,157.0,Yasuo
92,1819,SILVER,I,pt5ParSX-fb5ISqG97sf1VHrUtaDjR_-6wc6zQ_VcZA2W9rs,Executioner Jg,100,9,3,12,75.0,5.36821836362408,157.0,157.0,Yasuo
93,2110,SILVER,III,b880UNVDQMnzU-Dfo51W9dYAPAPY5ZY3s-d15a4Ic17weglO,TheOtherOneTrick,81,58,34,92,63.04347826086957,6.007696482312893,157.0,157.0,Yasuo
94,2615,GOLD,I,g89ATG6YzeY_7Zns2g8CPvYjF3ZrIJlNUy_FatCGID-Q4Un6,A 3 Tap,17,22,25,47,46.808510638297875,11.59921227760424,157.0,157.0,Yasuo
95,2743,GOLD,II,7XvXkWfbYySvPoN9xhBAiNw2R-pWRbKSrY2CC0tqUBOSnHdn,urgay asyasuo,33,65,63,128,50.78125,7.532268723790297,157.0,157.0,Yasuo
96,2986,GOLD,III,EXzTaU5zoCrIf_DgFmUWlR9At0ihGd6UCQSZaHVV-dQ0PA2P,TheGenesis,82,31,35,66,46.96969696969697,5.023961717139963,157.0,157.0,Yasuo
97,3609,PLATINUM,II,_rrkMzJciMCD1yOc96jatG1vrnK3Uoum2y7Vd7cosjobhj6B,LKMG,100,132,128,260,50.76923076923077,9.896165848422813,157.0,157.0,Yasuo
98,3621,PLATINUM,II,ugCeiuA5viBPlejwmzkCt41_yn8WM4QHgNzcFgwWVgthm8oQ,4fun hehe,53,12,3,15,80.0,5.012424075096631,157.0,157.0,Yasuo
99,4163,DIAMOND,I,dQFr55i8wt1R2ZhpzgeiOWgMUZbgJwsQOAWvNL0oE4GQeW1O,Yasen Sedlak,34,29,22,51,56.86274509803921,5.18374558303887,157.0,157.0,Yasuo
100,4306,DIAMOND,III,o8PWZ5Okp7XpsD6T1wm9AAAHBE70iCLRzfTvmB8WqIgn1mSH,TSM ßrokenßlade,0,66,47,113,58.4070796460177,9.11005007569582,157.0,157.0,Yasuo
101,352,IRON,II,hAZ9P8MryFMAuXPNnU9-IgKMYegcZagfDznkBrfLmnNHgwD1,kingboy192,75,15,22,37,40.54054054054054,5.855390523964416,420.0,420.0,Illaoi
102,3659,PLATINUM,II,Mng8_4zs9qWhyjP63Caa_1mXh1ta4zrt-wixwNc0olZF-sZV,ßlackfield ,0,69,37,106,65.09433962264151,10.939412117576484,420.0,420.0,Illaoi
103,4046,PLATINUM,IV,LLUgRwyyMD-u0v-Zi9bKHDIim3HxOqNzJgybjRV3wmiFmyl7,illaoioalli,95,47,36,83,56.62650602409639,11.184508670520229,420.0,420.0,Illaoi
104,376,IRON,II,bM4Oswz81BztLbgiY1ryzCYrqbTneJg1Cwwt6iu8cX4uhlDH,FrostyFleet,24,6,11,17,35.294117647058826,5.620264109416758,555.0,555.0,Pyke
105,1962,SILVER,II,UPd_riH-8hM8h-QK1Jq-ZdtFQzDY9Q1Yco7K2hDrkr3xPo2f,jellman2,40,76,70,146,52.054794520547944,5.1772985923929316,555.0,555.0,Pyke
106,2871,GOLD,III,hiNicIlkQkdqwbScxDBrXsNcY-EaXk6EN3RnqWQ0VHKypbad,ßåek,15,122,136,258,47.286821705426355,7.992756655828477,555.0,555.0,Pyke
107,4315,DIAMOND,III,APkgOHqfwGZjdtsW3cZuk60iweWyME3Qklcs5eN-LjgEXNEs,Pyke Mid,6,242,239,481,50.311850311850314,27.470536256696306,555.0,555.0,Pyke
108,384,IRON,II,bBLJK1ntPoIddMpsQDL6mxLvB0F9ehTyzHEZ9f0UUA1DNWsu,Mariiinka,5,4,7,11,36.36363636363637,5.664991209018513,37.0,37.0,Sona
109,1771,SILVER,I,d8BV_SssUqdYCyE6S9NQTQ0QrFqB8H_-5U530tvYyE--Kkic,kırmızı kart,26,9,13,22,40.909090909090914,8.869480721393035,37.0,37.0,Sona
110,1872,SILVER,II,nwDrLF0UtzkyNQY3qylTGqbBSWc2es8MOqQeihv76sGGtp-i,Bratty Pwincess,53,96,95,191,50.26178010471204,11.493476857314606,37.0,37.0,Sona
111,1909,SILVER,II,CCIs9y55JpD7VhVREsznY5OVBViAD-s8K0N7Mw04gV7gGrI2,anime dubbed,38,3,9,12,25.0,6.429802842732692,37.0,37.0,Sona
112,2439,SILVER,IV,JMCPszla-dd_AKZ4SBZEWk0Xuf7RtWscHAv3uZyBslk4A44S,WeyIand1,7,37,35,72,51.388888888888886,7.425508826082763,37.0,37.0,Sona
113,2866,GOLD,II,XvKAcvuYVTPhVlzQvJ5BXvchl7rWfswcjGOluG8mBxo3wbcK,Best Lulu Rwanda,47,31,24,55,56.36363636363636,5.292599823896482,37.0,37.0,Sona
114,2921,GOLD,III,z6tgkWHVMiEGFSYQzn5BuE6JlfYntmQq6d5jKKumJOUQmvAO,jiaojiejie,35,101,75,176,57.38636363636363,15.92691598037892,37.0,37.0,Sona
115,4280,DIAMOND,III,5NriCCRowxkJhkNNaqlyxe0NuMM3j3oqja5Jg76YNxutlkT5,xTc4,33,54,52,106,50.943396226415096,32.39028674761044,37.0,37.0,Sona
116,415,IRON,III,XIJxJ8UfZDkf6xfNc-lkuWkpxtPZBfg3pdRPdXVEVt_NQRXt,lukgowsi,49,9,11,20,45.0,5.678872468527642,92.0,92.0,Riven
117,2304,SILVER,IV,ab9OQr-PAT44QF0Y-mioHa4UNQxRN415hVo-eUI4MZGJg4Mr,ˆˇˇˆˆˇ,26,7,3,10,70.0,6.673161564709956,92.0,92.0,Riven
118,2464,GOLD,I,rmtZ42DoiBN9XIKxfb3Q_D9bOsEIIjsYbFIz1a5l7jkb8NV9,Stopher17,32,20,14,34,58.82352941176471,6.074070601472036,92.0,92.0,Riven
119,2793,GOLD,II,1nT_IPNBzys2j6gRpoe9aHe62GhW4B6kKs48MyERmo4-oPID,KDA Akali Pref,58,3,7,10,30.0,5.131837229819143,92.0,92.0,Riven
120,3372,PLATINUM,I,snRI0eoV4z2Zn2tBb3hYoUUo6fE-r8YTZQKrrPFgTCO0pLPb,Family Basket,0,5,7,12,41.66666666666667,5.676071622354857,92.0,92.0,Riven
121,3716,PLATINUM,III,N0dzTIIAP-W9X8nek3biwBi2gzSOKvvWx46JJrsDydkuRJ5g,PMA,0,33,32,65,50.76923076923077,5.446720030768491,92.0,92.0,Riven
122,3794,PLATINUM,III,8xJFeD5my4GfbQa4yzNQ6e8Bzz0B7otp_RF21fApasUZuA7U,Toxititty,58,49,49,98,50.0,9.580814225549837,92.0,92.0,Riven
123,3850,PLATINUM,III,--y2Lxl1B-r-H5rS1jlv4Xl7LmcqnGbfh5B11TiGj75AXo_y,KVAPAs,45,13,5,18,72.22222222222221,8.316021167985763,92.0,92.0,Riven
124,4039,PLATINUM,IV,WkvGetDQBo2-grmH0Io09itExBiCBGhwQwNYUfww4ITYUSGu,Rainee,19,255,256,511,49.902152641878665,6.717930856263273,92.0,92.0,Riven
125,4181,DIAMOND,II,SCLU907ktkrHZhUjHj27wJUeUyiZRJB_ED1zX1Z8GKc4n7Rb,FByA,40,94,106,200,47.0,7.07197461653542,92.0,92.0,Riven
126,4392,DIAMOND,IV,SKyb-nH97vsqEcmuB2Bv3DNzbF_CTCmZ5ln1ILOHB-hfV5lx,Rivne Player,0,99,70,169,58.57988165680473,6.216995599413256,92.0,92.0,Riven
127,422,IRON,III,iwtkbFSm2H_BsJZtPQ0FSmJIRE5r97MvEoh1gO9mi1VeBaay,Aeva98,73,6,7,13,46.15384615384615,5.149879465941402,21.0,21.0,Miss Fortune
128,656,IRON,IV,NcWO22G4VC770saK6YxI1BSCPc1AtHRayD91u80xWIPZ0u96,CarluMagnus,16,157,185,342,45.90643274853801,8.234892352023929,21.0,21.0,Miss Fortune
129,1453,BRONZE,IV,1ODnvEmrz_27yZOU2TQYZKPvAmu9XRZBgFkp0ZKFQXji_We1,UltimateKeeper37,0,21,53,74,28.37837837837838,5.615542509955253,21.0,21.0,Miss Fortune
130,1981,SILVER,II,-hP83_l8DphHICpovaM8yAVRe6nCLeZKzFTyD8TZG9_AFctS,Mass Fortune,72,43,46,89,48.31460674157304,10.062968847414677,21.0,21.0,Miss Fortune
131,2238,SILVER,III,hUG2OSq0wXS5vwu6-5KIUvSSJelW5BxBCaq4U3iPsds_VWmm,slimeslayer7,63,8,3,11,72.72727272727273,5.041730241074153,21.0,21.0,Miss Fortune
132,3079,GOLD,IV,_YYBysoNlIvyd2JDOa8blL5A-gf17yUbiCSDBmQFSyTbtGV7,paybackisthename,38,91,90,181,50.27624309392266,6.577392977392978,21.0,21.0,Miss Fortune
133,3903,PLATINUM,IV,KwrMCbsTsha1saE0485Rj9Tn4MhqpNVV_ItfTMj-EsJIL1G1,NingyiSu,0,235,213,448,52.45535714285714,6.062312584439978,21.0,21.0,Miss Fortune
134,433,IRON,III,Xmy0VzHU7Gk4o3xNhxj9ZhEulvb4LCwP2rBb5h-uem9qDZw5,Nospmiseiznekcam,30,59,74,133,44.3609022556391,13.792536303544473,36.0,36.0,Dr. Mundo
135,3028,GOLD,III,i4dE2nfJq9L-KNedh_hqDdUmtJgksa0U9WqaxoPC0u4eiXzi,mundo999,27,51,57,108,47.22222222222222,37.19793730630494,36.0,36.0,Dr. Mundo
136,443,IRON,III,2GMYF4yM7q-CUW_txNIxiXjVss5ZgJoWEs2qKPylfSl_cqw7,sidrax,67,3,15,18,16.666666666666664,6.368760648131365,45.0,45.0,Veigar
137,484,IRON,III,wVx4JhxTZZGfzc-cO9EyNFbQh4T6vZrwvYH9I7dYUrol8r7q,SmartPatch12,11,2,8,10,20.0,7.602303334262098,142.0,142.0,Zoe
138,1709,SILVER,I,TzQAY0MPWwRJEtptxcvNcl71x2rlrAuhzBF0ykW4kp_UIqo-,KaChopGG,0,62,62,124,50.0,8.815143467841182,142.0,142.0,Zoe
139,491,IRON,III,usaeOYO4HvT2NPh-D-MR1AY72BZJHpL5grTgQr6knNovdSj3,Koby Is Toxic,47,6,8,14,42.857142857142854,6.023854224185532,119.0,119.0,Draven
140,1139,BRONZE,II,kHFhwVa0kZSikdfHp1o35a2Kl-0mSJ7SHSVpqauAhX-RwYe1,SirTylerThe3rd,19,58,64,122,47.540983606557376,6.415292173651795,119.0,119.0,Draven
141,3323,PLATINUM,I,lTPGyrq9FGfOcJ7w9HP-Jt1gSoDeIvWFQFd0iC0zf9e9CSMz,TempName 123,31,91,80,171,53.216374269005854,25.689842027920648,119.0,119.0,Draven
142,3649,PLATINUM,II,eCouuaPbyWNzankdSOuMg6ndXe9gCCjzve1z5qpS7nG5pKkk,SFC NECKSLICER77,100,64,45,109,58.71559633027523,25.5386476505794,119.0,119.0,Draven
143,3842,PLATINUM,III,fasOjhZCUXA7xlCpigPdLAQbZYLIP_KXre0OMSyjiv53QS-Z,thiccco mode,7,7,3,10,70.0,6.679022830593995,119.0,119.0,Draven
144,3907,PLATINUM,IV,RT6nYf88KA5IBphV45I_SIT6PSCmnXtYyvBjqU3i-SojEQXq,BOOM,0,83,58,141,58.86524822695035,6.784406207237897,119.0,119.0,Draven
145,4297,DIAMOND,III,YSiBoKzxefoMBT2ivHRx1cSjnpff6lPQmWrnssz15K0bKhzs,RlTO lS TOXIC,18,228,242,470,48.51063829787234,5.709974867402433,119.0,119.0,Draven
146,4326,DIAMOND,III,nMSIrjLM_1bDSuIng-OTMvPoQRzr4sYC1_gHvu1WnafvnH5i,blup,22,35,40,75,46.666666666666664,7.653642478889366,119.0,119.0,Draven
147,4396,DIAMOND,IV,sl3kA3vy2iEXqPqVh2V6xdSN7d474LGLjjhxcGfFsXEw8v9V,vagabond7,23,34,33,67,50.74626865671642,13.475357021741589,119.0,119.0,Draven
148,534,IRON,III,chLR84WzT-B9-vrQSFyzZXPa2525V5n9FPsWxcOv0h9j2g4G,AstroNomix994,65,44,51,95,46.31578947368421,5.990746742361593,103.0,103.0,Ahri
149,2114,SILVER,III,4UMgPPGfRL7a-5_Ir_vEuencx2DLP1v-g4UFI2hpRSI88zAF,Rando44207,39,32,27,59,54.23728813559322,5.600407755749271,103.0,103.0,Ahri
150,3544,PLATINUM,II,IUWsYBRIaIGo9Bqp51WfDcwfH8aJweqNCIIyuESjgiF6ZRYH,FeiWu ookami,0,128,137,265,48.301886792452834,7.529592900045662,103.0,103.0,Ahri
151,4062,PLATINUM,IV,m0O9Jjel4nfguciTuwqTIDFSpOESLcz-909eaOt-OlOAXkG3,KDA Ahrî,8,8,10,18,44.44444444444444,18.0607146736179,103.0,103.0,Ahri
152,553,IRON,III,73oLY8sHxX1zu2Y5HxIAWSLkGgseilwDy4_TleMmd-kRbzGD,Geisha22,46,28,40,68,41.17647058823529,10.173449207542967,32.0,32.0,Amumu
153,588,IRON,III,WglxB2bMcVMyvsGj5PRs1DBxnh3S1gCrOU1y-H74Qsof6REx,GamerFOX98,100,72,76,148,48.64864864864865,7.196627454488528,80.0,80.0,Pantheon
154,3351,PLATINUM,I,9mf9fvpOUHYwKs4x89TZseQsxo1rq1BEE4BRA9bm9Tb2XZgF,Rusty Anne,3,8,8,16,50.0,5.703903498913614,80.0,80.0,Pantheon
155,626,IRON,IV,xQ9RQQEEOY1cDZNuIX6_sVxR3GJSV7O29HIvm5FDtAnC40xO,DukeMondo,30,12,21,33,36.36363636363637,5.389702105803801,25.0,25.0,Morgana
156,2318,SILVER,IV,6nzAit17HmSOlpgvL31HJAX8xW4OQhMSsLZga-14-z9es6_a,taooo000,26,78,77,155,50.32258064516129,5.304626280892103,25.0,25.0,Morgana
157,702,IRON,IV,utY-reEMXtXIWow9CJL03x4VCH6i4O10Ivazo-mTfLRg6E7I,DoodiePants69,64,1,9,10,10.0,14.363241964109642,81.0,81.0,Ezreal
158,3396,PLATINUM,I,oYNdNYxYlZ9aD-K8-oxIZdxLwADxLcMGJjrmrhX9COAuqAfz,Owlbuddy,18,381,368,749,50.86782376502003,7.144697771547903,81.0,81.0,Ezreal
159,748,IRON,IV,paPr6Q5eYi3nOwsBH6416ODCqeKo0WjJD_CU7APCzW4PQcJz,Roman002,0,15,32,47,31.914893617021278,5.796534904456371,84.0,84.0,Akali
160,1996,SILVER,II,t6nhd19bP9BerOeLaiwC6NVuH-tfn5k_ZZ-HMKTvDN7a02ww,BadMemory,60,26,25,51,50.98039215686274,9.768968419187669,84.0,84.0,Akali
161,763,IRON,IV,B7yDZKSYd8Fa2lqQURxTmaM2qnT_vS1zabAy1RT22U9OyMs_,Dinospider7,17,4,19,23,17.391304347826086,5.128916124090386,114.0,114.0,Fiora
162,1868,SILVER,II,fIBZk-BLp3VRV6Z6bpgBKATFe3hdIhEMeb40iMRxqOuMjc2x,lil beefster,92,37,27,64,57.8125,5.038026527204561,114.0,114.0,Fiora
163,2412,SILVER,IV,mlIlS2XdPkp5Bjrm1eJQpYELP2DmOp0HNHFStL4xgYFv8VgT,SKT T1 S MaRin,0,19,13,32,59.375,7.103232740334303,114.0,114.0,Fiora
164,4100,DIAMOND,I,M0K4rVWcl40kv4k3icVo36iVL9HWRSZ5uML6zZmVjV-OvUJY,Revenge of Avian,17,36,40,76,47.368421052631575,8.235507483171034,114.0,114.0,Fiora
165,4161,DIAMOND,I,Hks_cyDQMY1kVhNluyRVVuj_ajBHpSGeDMO2elzNP680LkK5,Ainzalaz,44,71,65,136,52.20588235294118,5.160216432724909,114.0,114.0,Fiora
166,873,BRONZE,I,3nA5JAXAROydz_0j8l-QxiYqoRZRgShE4bOIpzUAKGE-L5BT,Hide on bushØ,100,5,6,11,45.45454545454545,5.1217883036536485,55.0,55.0,Katarina
167,1670,SILVER,I,4Ov0h8NkO87zIJcF3C_LD1Pl-0PaXS48TL2NsoeBsDS-0oL0,22q11,28,64,54,118,54.23728813559322,8.035510680678616,55.0,55.0,Katarina
168,1731,SILVER,I,Xo0UsJNKJfsBpV27I-8QYkt4Qfnl4zXaFl8-ZoMtkEFSlqSL,Quatty1,100,8,9,17,47.05882352941176,7.902431629373598,55.0,55.0,Katarina
169,2002,SILVER,II,HWL2aWd7RVyFOHRXCRxXY_FkxGncwdrSRFlG0O_CIJd9l3gz,Qminl,34,32,21,53,60.37735849056604,8.973992197659298,55.0,55.0,Katarina
170,2393,SILVER,IV,z93F58ZRBYLyIHGcenYRSJ-cjRaNldGXvUZrS_-fS2VNM1YH,Kats Fed GG,58,6,5,11,54.54545454545454,5.960781634326319,55.0,55.0,Katarina
171,2567,GOLD,I,7dYnA59W9d4RmoHCpLWK6rvQbhhJPUV-b86bzxcRBSN7u8yM,BroccoliHater57,100,25,21,46,54.347826086956516,12.63240585699526,55.0,55.0,Katarina
172,2780,GOLD,II,fvQsY8WM0nq_nRr2yrlJASx87QQSGYDj7k23nJylrcGw-pEQ,Ultr4vi0lence,65,42,41,83,50.602409638554214,6.9771007468222965,55.0,55.0,Katarina
173,3134,GOLD,IV,BJFb4T_EovcIJ53wyDS8k6BfWKEkdJldttJRHlUyZ76fv81K,ÁngęŁ,63,56,70,126,44.44444444444444,5.9290959353807615,55.0,55.0,Katarina
174,3460,PLATINUM,I,KZdH1mQFlbKBk_2eEtSuFYOUgbJgCpUnnaRywec8Odvxw3Mq,KaixKat,75,47,66,113,41.5929203539823,56.867922741904934,55.0,55.0,Katarina
175,3878,PLATINUM,III,Wz5IhNqE7RFf0WVikahk5JUsxvfeb9vpxgtICstf8HYwxEqf,katarinanana,0,72,56,128,56.25,10.906595507961896,55.0,55.0,Katarina
176,3941,PLATINUM,IV,YP34c_Xe2XshgXNHAAM1sdN_3XpY2aUgev_SXN7xDpEff5n-,FlamedBoost,100,139,121,260,53.46153846153846,6.669816349275572,55.0,55.0,Katarina
177,4087,DIAMOND,I,vXxKI9Ahm19XceCNDd22zqgwMToLo-S7uH2ptr-l8imImmN1,Kitty Kat 1v9,69,108,85,193,55.95854922279793,18.757650361731997,55.0,55.0,Katarina
178,4260,DIAMOND,II,wdv-iY4M77USbVlMFzf5gsoJV-YePOh4LKSWRgMWPglAzxBf,Coinflip Kata,0,104,95,199,52.26130653266332,18.590177832919764,55.0,55.0,Katarina
179,4355,DIAMOND,III,iXp9QzoZt7bW2U3ek7xLPaac2Of335Fxos3N30hWSd_5gxOZ,Witcherˉ,21,94,95,189,49.735449735449734,5.095439600584512,55.0,55.0,Katarina
180,891,BRONZE,I,7ufmXBmxvAcr5_l_bQizGzqniKcdDnxD_PcjCPvShrKMU4mp,Disownbadger,65,39,48,87,44.827586206896555,5.577217024640928,516.0,516.0,Ornn
181,899,BRONZE,I,NPwU9gR9Aq_pkfsMDKdG7_KUH2m-A65H9cX_t7jhgr0t8Oi_,Ratsass1,1,95,98,193,49.22279792746114,5.987063906300727,99.0,99.0,Lux
182,2190,SILVER,III,-vhGcEa94cR9YM_tH4-GAlxaYHe5ZyAIvt_xuxvl0pen3jp-,Avery66666,0,26,15,41,63.41463414634146,6.052217901228234,99.0,99.0,Lux
183,2354,SILVER,IV,vsYUBFq12D-mCh0G8uuH945UdKvk5DXJ9mBlw2RPLGHs4S16,Abbaaa,100,112,107,219,51.141552511415526,16.60549278010862,99.0,99.0,Lux
184,3223,GOLD,IV,OxXBbmjh3teFK2jDvmPZGayi05B_jEZlKByxK6Nmpv-hLkE7,AyameLux,18,24,36,60,40.0,5.056913300299544,99.0,99.0,Lux
185,901,BRONZE,I,tp1KeKnpE9FnFCASPK8p-cMJt4ZlCVz8Rjd2AQGgSqp_3q3S,Deathdrouin,58,11,11,22,50.0,18.973267367895893,54.0,54.0,Malphite
186,984,BRONZE,I,sf28NSt7Pi8iy10gR4bMwFUe8e0mtb2l747s6-ALxcXhkhQR,GODTRVNKZ,0,146,148,294,49.65986394557823,7.031028095091077,245.0,245.0,Ekko
187,990,BRONZE,I,2BuPctaMlTSU6Dj64J8zWUaYhSLiXoW6QbT-tJeXpmQE84BM,Veer4badra,97,29,38,67,43.28358208955223,44.180223959433754,245.0,245.0,Ekko
188,1174,BRONZE,II,6biRV_3YuBiDkI3-KjnbA68FOEHPPIZeclfnSfzbd4Wi7_S_,TheBlackBananna,0,104,94,198,52.52525252525253,7.647297265075466,245.0,245.0,Ekko
189,1467,BRONZE,IV,WiNUWR6Rjg3S87heMIm2uInfTvZdr9nd4sEYWJATMDi6u0Ww,Rage Engine,81,12,12,24,50.0,7.422451870989248,245.0,245.0,Ekko
190,1669,SILVER,I,hq1V0cjkBpVNLTzU2dt52o2zA-U54tVYlh6AR4Oubq0zEIhh,ekkolepsy,15,13,9,22,59.09090909090909,6.619702829228578,245.0,245.0,Ekko
191,1927,SILVER,II,gIVDcV42AaBFtmOyEQDXtXmj39E7AikwVahvgvAa0WaptQHD,MonkęyDLuffy,32,51,41,92,55.434782608695656,7.4368658399098075,245.0,245.0,Ekko
192,2052,SILVER,III,eXXPUt9aNTgmMPWsUAUjGOqhwJxZKAyW-6frYU3k3f5EViLo,WizzleBear,35,31,30,61,50.81967213114754,5.261291114383899,245.0,245.0,Ekko
193,2258,SILVER,IV,UIQfaEgxuiOZlUXZ_KCi2m4OsGd1ve3HhDd1ztvsA_A1hX9k,R0ses R Red,45,34,36,70,48.57142857142857,23.999504424778763,245.0,245.0,Ekko
194,2561,GOLD,I,yzXORbQB9Wn51_4LPCPtO69qcKpmPfzptLoXa2MVDaBkTTmJ,Predadurr,91,43,17,60,71.66666666666667,7.359015249676068,245.0,245.0,Ekko
195,2575,GOLD,I,tgyHTwFyzq17FBg_XSFMJyPzhZ-x6u4nRu9f-iQ5C9sG7_Vq,Twitch odagobert,0,22,8,30,73.33333333333333,19.279550561797755,245.0,245.0,Ekko
196,3827,PLATINUM,III,TpwjB89Jk4J3zhR9aI3hZKJxPZrV37kcrhmATQWGKLcnO9hh,Timeleśs,60,124,106,230,53.91304347826087,7.6815399973957215,245.0,245.0,Ekko
197,4095,DIAMOND,I,S26NGuza2xsfhbqyDGznlK3IVCSeGqEapezOB6y9BZpzwujO,Komrade Katsoff,86,87,70,157,55.4140127388535,7.393195937651129,245.0,245.0,Ekko
198,4242,DIAMOND,II,mMhm6Fa1k9vDOKmheCo7n--5xlJ0Fq7ipppS6F90iN_q5pSk,fortniteExpert69,95,78,53,131,59.541984732824424,9.934420436187398,245.0,245.0,Ekko
199,1016,BRONZE,I,mQw8jSO7017HOByMGLzPtlE8v1wBVyqeacnnf5USz3XEtJOp,Insurmountable28,42,51,50,101,50.495049504950494,7.439153699691419,6.0,6.0,Urgot
200,1040,BRONZE,II,4k7_FkIuPcIdciKI1D6mzX4Y8eHigVc6pBkSNpLN-0KSA5ST,VaninaMinaVol2,68,39,27,66,59.09090909090909,6.696713961706841,105.0,105.0,Fizz
201,4435,DIAMOND,IV,VT_OsPuRYhBJt-0PS1cKtnIQaI0xKt2EhdWW6rso133wTCY3,i int u ,100,21,25,46,45.65217391304348,6.779140981506685,105.0,105.0,Fizz
202,4460,DIAMOND,IV,yP0-FT252Ymfgh0RXXjX016p8eujutuTaFD3-lGqT-CGMfJt,86yz,12,45,52,97,46.391752577319586,7.7308531695680855,105.0,105.0,Fizz
203,1098,BRONZE,II,3XrnNj4Y9bbO9rMrQh3ripnfzkSNxSHYhpn7zxXYjTtu_MlC,Shacuck,0,21,22,43,48.837209302325576,8.539197582675843,35.0,35.0,Shaco
204,2325,SILVER,IV,IJs23BZxq_HCngywuJRfwnWVUP92XaO31KpW1VA_0PhuIfTT,Ziood,45,130,141,271,47.97047970479705,28.548578500964645,35.0,35.0,Shaco
205,3043,GOLD,III,jPbiUqddJjtpvHHh_0SqSp0MBYQv4duwVFFuUyx9LKQWEGGR,XO ETERNAL Atak3,92,17,25,42,40.476190476190474,9.837619844772485,35.0,35.0,Shaco
206,3777,PLATINUM,III,YelnXc_Av0HXBG34Mvhs_fNbz0M2_KUi6QwX37KVhwtTnOol,NIHILUS XD,31,13,12,25,52.0,9.682890190776627,35.0,35.0,Shaco
207,4240,DIAMOND,II,Wmr2R9eiYTiGvUomE5rwcx-p5BdIcbB098YNkRN3hnNIg8C6,shiniigami,11,34,43,77,44.15584415584416,15.72,35.0,35.0,Shaco
208,4341,DIAMOND,III,AgVRs-9bTWVMnjxJi_kHKHEfRxLwuR5e1r56_lnffKwLoyos,XiaoJianBiu,57,64,55,119,53.78151260504202,8.035518900343643,35.0,35.0,Shaco
209,4388,DIAMOND,IV,UaD3AVX8n8Yh_ezDozB4n22b8NtdLG1EcsaHH9sCQqhR6-tC,Avarice Turtle,35,143,119,262,54.58015267175572,12.433766710233655,35.0,35.0,Shaco
210,4475,DIAMOND,IV,890JYgju_Ylmez5nA2B9nvgH3_jS6mKhWBNdIrkBVxB0JYqG,DEM0N SHAC0,74,89,72,161,55.27950310559007,23.550957813172626,35.0,35.0,Shaco
211,1217,BRONZE,II,iufLQ7OHCqy-v8YJr-2HWUgnQDVgTJPCivcq5Q6Q10wqnBs9,3rdtimeDaCharm,45,17,12,29,58.620689655172406,6.007147156184171,58.0,58.0,Renekton
212,3872,PLATINUM,III,DnDZsgsWA0thheEul3vj1neCOY77YOJWMRAMGKfO0j3pvOmE,JariQ32,20,19,20,39,48.717948717948715,6.209213671900238,58.0,58.0,Renekton
213,4118,DIAMOND,I,yzh3cvhRXQYEg83iFsIA3QJWHU4PAKCtqvw9T02tpXfT9s-Y,lanasboi,100,83,67,150,55.333333333333336,5.066220628867627,58.0,58.0,Renekton
214,1274,BRONZE,III,QvYwnEUnZDF3pG8sACSPwIQiFYqgf2NusrFRrH8fwY9hTiT6,Thamo303,31,62,74,136,45.588235294117645,6.910800931406347,145.0,145.0,Kai'Sa
215,1935,SILVER,II,owGxlt14FizHo9bbdrXiUCgJhCiyMg3IzRQ8oDxRFcLVxd6L,Niccgutz,78,9,7,16,56.25,14.11189489249267,145.0,145.0,Kai'Sa
216,1306,BRONZE,III,VMEU-a4kiHKpI4m0k_csEKfkzTGDqgd-rVEMg-H1rJTtBbgP,iamalexander17,94,29,39,68,42.64705882352941,5.315058403159412,62.0,62.0,Wukong
217,3715,PLATINUM,III,Q3-OQt98YMPW2NKQOGmKBjk-KEb6_HoGaR6fyqhUX1PuUiEx,Bye Kobe RIP,0,57,64,121,47.107438016528924,10.316673719847653,62.0,62.0,Wukong
218,1327,BRONZE,III,F96kyTbme8X_W6HnTIf7sWsg46FNb7uzocifHwB05wmkqjBw,littledipr,25,45,55,100,45.0,6.744176921705011,412.0,412.0,Thresh
219,2672,GOLD,II,SLXQ89rYKUD2XM3ga0STSCWUXawNMWqvp0psQE28-I_ABfmZ,Jheepsy,8,48,46,94,51.06382978723404,10.612638314891347,412.0,412.0,Thresh
220,2903,GOLD,III,v2q8_-2rY_GcaIVACwk8neEDHo7iCy0Pld8Wzy6iIypmjCri,BKozy,10,13,8,21,61.904761904761905,6.199147569337205,412.0,412.0,Thresh
221,3394,PLATINUM,I,6tapdd8MS8aBEYJfc7JbnuUULUt0E56m1yUkFiCA5gv1eKb5,PayAndFlay4Days,100,53,33,86,61.627906976744185,8.529107791683488,412.0,412.0,Thresh
222,3673,PLATINUM,II,ebys1-wxSJlyiaeGOCUQbOdMmMYf0CY0NjEL9qLgow_EV82d,MorganYellowFace,59,104,124,228,45.614035087719294,6.498325095457847,412.0,412.0,Thresh
223,4186,DIAMOND,II,MyyWQGF2MJtjMKi2EDffRJOuaPwNXywxa4kvEFfRg6Ofv5rv,Peeling,12,38,27,65,58.46153846153847,8.657465709131753,412.0,412.0,Thresh
224,4473,DIAMOND,IV,b3viLfm5SRd0j7hEpin4cwR4ejHy22VK0IEyIb_ZcN0XxG0S,ItzNotYoru,14,116,122,238,48.739495798319325,5.791751077387749,412.0,412.0,Thresh
225,1481,BRONZE,IV,Kh19zCAriDnoNYC2H9smwLQWLKlWHXtpmpIBAAIGYB_C3b6J,Dragon Floss,8,11,18,29,37.93103448275862,6.644202355224277,350.0,350.0,Yuumi
226,1553,BRONZE,IV,YwFh24dCpuJaKBdZQSy5IgvmZm6GwDSZvdXvkVQTuAIPdTtK,LaughingGolem99,100,11,7,18,61.111111111111114,7.746010503989496,61.0,61.0,Orianna
227,1573,BRONZE,IV,GZxp9nBj85Vn2sGopuVg9WpV3Jpv405Upggbk-07DH5Xgw_A,Sparklesheep,8,6,8,14,42.857142857142854,8.329775436650957,518.0,518.0,Neeko
228,1609,BRONZE,IV,NdLMZwnrGql3w_mVAvyNt43yKQX3Oq9gFp1cNm8kLZtXgKfk,oRemiTo,20,24,42,66,36.36363636363637,5.0038062918462805,77.0,77.0,Udyr
229,2581,GOLD,I,sFgWQPWoNy7SFHM7nZ9Wu_G4k_UuIlWgol22HdShHehqPFZT,trick fanboy,69,8,8,16,50.0,202.1395348837209,77.0,77.0,Udyr
230,4001,PLATINUM,IV,MKT039Leb60QNjSoWP5PJQ_AB9pGwwXRkA0pldCVYWlAvsIB,Setlo 2,44,104,77,181,57.4585635359116,6.718261955993613,77.0,77.0,Udyr
231,1692,SILVER,I,K7gicoZ8Q3iLAPnLvwVRPSCpIrY22uo6kTbDrm2lO7TglCdm,PickingB00gers,65,11,9,20,55.00000000000001,16.465160075329567,107.0,107.0,Rengar
232,1747,SILVER,I,Bt4Qze8icxuTZHJc1AFfOuygjBu3AueXOV-C_TtYvuk-PVZF,BandedClovis,78,31,23,54,57.407407407407405,6.150747925366034,107.0,107.0,Rengar
233,2205,SILVER,III,4RtONxYsQ7c8YwJQtnx2Yh2Hsds2GQ4YY1caL1xE2mwC389D,WeLikeFourtNight,59,13,16,29,44.827586206896555,5.934617854849068,107.0,107.0,Rengar
234,2302,SILVER,IV,JP2agd4tqdscIaWSVlotF3fRejajITrrkbC5N-gIUiUEUDFY,IrhysI,15,12,9,21,57.14285714285714,6.509703779366701,107.0,107.0,Rengar
235,2460,GOLD,I,GcmIo97sVOxE_nUcBpX3vZRAOrd8kcBhgxWZQpFCTuh8e0hZ,StabNoob,100,37,22,59,62.71186440677966,14.0560627412536,107.0,107.0,Rengar
236,2649,GOLD,I,eAZ8OF__khbtBav4DcsF3027KsQRp8GBSnKDLVZjSQn2RxQv,Rengar From Hell,22,17,13,30,56.666666666666664,11.151799247740414,107.0,107.0,Rengar
237,2731,GOLD,II,vxHIYj7OemobCT7Xuo7mpTwC0gXRWi7QTZbX_feouFAbXaYp,lIlIlIlIIIlllIIl,95,7,12,19,36.84210526315789,5.8382892286858885,107.0,107.0,Rengar
238,2762,GOLD,II,953RodVH52YITSGm_jd4WCE7LPXpzhjINtQ6y__m2yM2enZ0,Negativíty,60,60,50,110,54.54545454545454,7.868827893717335,107.0,107.0,Rengar
239,2778,GOLD,II,VkvBTNKW-iO7KH8P9yHHdS97LOR_mB7b3A6BqwGwLHf7zchQ,Khán,0,56,52,108,51.85185185185185,19.326378421261406,107.0,107.0,Rengar
240,2918,GOLD,III,_oDDvAmaXpVNEoc3cuWujUKp_CRxnL4i5w4yrR-6HFcvFmM6,Iron Four Life,33,16,13,29,55.172413793103445,29.239988045427374,107.0,107.0,Rengar
241,3090,GOLD,IV,KFyqs_Ofm2E90UGsX8noxqnk2fWglv97RTFHQeMFznaSGcfX,nxside,25,26,25,51,50.98039215686274,12.509647127870295,107.0,107.0,Rengar
242,3183,GOLD,IV,53STrIsFH6E_AGfnv_Poi1YUxsWR5LQsQEjVqQH3yl47jwWy,I ran away,0,166,173,339,48.96755162241888,7.3547309909984655,107.0,107.0,Rengar
243,3291,PLATINUM,I,B6QQ2Uzx7WDP-xij8f5uY0lDkM3QkSKRcNym7RGvv_JfivhE,So Sørry,0,24,17,41,58.536585365853654,8.590687522735541,107.0,107.0,Rengar
244,3297,PLATINUM,I,zPZ08D7032UiWhIzIqaMhIEV86SSIWSU18xzioQDI1QZf_4q,First Sol,75,32,37,69,46.3768115942029,13.620507906085288,107.0,107.0,Rengar
245,3301,PLATINUM,I,8p2af2J43qTu_zLUxm9GzpIQi4NwQLgFGAMdN61pDh0ckK9P,Bıg Braın Human,20,27,44,71,38.028169014084504,10.683661088923717,107.0,107.0,Rengar
246,3411,PLATINUM,I,t6G_9zH4iXPvPhvqcKbc4rEDTf8XledyzDkzoMTJbNkCj_0F,Sc Itspjsalvador,47,38,22,60,63.33333333333333,13.84674329501916,107.0,107.0,Rengar
247,3535,PLATINUM,II,gzAvET90POQEt48KAhk271HpRhSg7j-6OxPCxjEY57r7N7tF,Rambo in a bush,0,71,65,136,52.20588235294118,10.685754062024877,107.0,107.0,Rengar
248,3623,PLATINUM,II,_hPbAN3Dt_ZdeNxEnJDq3956E-g5gqAaMv1GrnqwwTjk54ZE,Subsist2,0,6,9,15,40.0,5.7306997598759,107.0,107.0,Rengar
249,4103,DIAMOND,I,EIPwLK_q8TCtxx21STFreaT3uz5s1-LxqIgOqJHYnHA,Smmmmmmmmmmart,34,35,23,58,60.3448275862069,5.059216502094992,107.0,107.0,Rengar
250,4121,DIAMOND,I,OHHLB_LKGXR-9WP5XU_hqU3_3aYZlvZ4Jth4cZdmhd2bbqjI,135798642,57,73,55,128,57.03125,10.568362684191609,107.0,107.0,Rengar
251,4188,DIAMOND,II,ehjdJW_NWv4szbmN0xeEbl631pg5XB92vxj5LvruKBhe0Gy0,Enemy Rengar,0,87,73,160,54.37499999999999,10.542447118233582,107.0,107.0,Rengar
252,4224,DIAMOND,II,7HWH1hcW9CiiJb3H8OaTuC8YdV1o-ElVqJURoEp1npN9lcx6,HUMPME PUMPME 2,87,87,61,148,58.78378378378378,13.397222729764296,107.0,107.0,Rengar
253,1752,SILVER,I,3xI4Vjm0jrMs53T7dfWsrz8sDZlA4wz_rZM4qQikGwsSSwJZ,jay017,0,38,32,70,54.285714285714285,20.47094028461232,75.0,75.0,Nasus
254,1847,SILVER,II,p8LV6T0dBwshW2wIeemwYLFeDatK21dmvzQdbNBC_VKR7NOe,Ichigodayo,68,15,23,38,39.473684210526315,5.334356059180061,75.0,75.0,Nasus
255,1773,SILVER,I,svwiVEMISmDAoKQ-OtKfK1FBKzTdR-iIu4KJeO5gLC8LFx4S,GetBardBoozled,8,36,37,73,49.31506849315068,12.580739558393187,432.0,432.0,Bard
256,2019,SILVER,II,s0mqv7wMVCWlPBAWSHPLoS7tE1CBJ0B5YyOEowd6b7AOQmJU,bbardd,0,23,16,39,58.97435897435898,18.965914565601413,432.0,432.0,Bard
257,2405,SILVER,IV,ewFR7f5yw7P_sKccmZ9zRcAfXyZVokNZl4mwmkcWfR4VXZGc,Proper 4,0,15,28,43,34.883720930232556,5.3055495167888695,432.0,432.0,Bard
258,3572,PLATINUM,II,EUdoAawo3jU0--iJCfd4AHkpBXrr2F5CfmCMsRGQ41qkOTwn,Mønster,84,18,9,27,66.66666666666666,5.391809381980639,432.0,432.0,Bard
259,1777,SILVER,I,HAM-_Lx6OjS915sduVF1WNGMjDuLr15PlkkRPDapuBZs1-SZ,6MentalRet6ard6,28,105,136,241,43.56846473029046,18.525783757940037,150.0,150.0,Gnar
260,1795,SILVER,I,Yz7C96ElopV88aAjA66mryaSZDghaJPt0FgflK_uervpyOyE,I am a Dartard,27,27,32,59,45.76271186440678,13.66349527665317,122.0,122.0,Darius
261,2321,SILVER,IV,q0jQbEnrfvB-zdCXgaKBT1gVuLYUCzUuxOunTbYDlcFlhqvG,YouDontWantBeef,60,21,22,43,48.837209302325576,5.631104116330103,122.0,122.0,Darius
262,3388,PLATINUM,I,n5bfeno6wV317E_Hb-Zm42k8F01gS8yoMKItXCBJUHlxMVj_,darkyarn,52,109,89,198,55.05050505050505,5.340174618281127,122.0,122.0,Darius
263,4391,DIAMOND,IV,l8Nzh4fwO4IpOZYjZOcNIQttesYQzgdKvTE7utG1iQQbkVe4,ImYalway,75,30,23,53,56.60377358490566,14.954548292439284,122.0,122.0,Darius
264,1980,SILVER,II,ZCxXQh-2gK-v-4pgvD5yvxc6AvPEcr8xFmqgE7soqb9dNLSK,UrMomLikePP,56,41,26,67,61.19402985074627,5.956855949524571,161.0,161.0,Vel'Koz
265,2718,GOLD,II,B8NnEskFEenuK8gAY3cmmPV58Bk2FXad49dPkgHPV-NtCO_3,Def Not Bubbs,0,72,71,143,50.349650349650354,49.8685759121224,161.0,161.0,Vel'Koz
266,3713,PLATINUM,III,LD0MEOm61zip7nQpIE0z4CEv0UwsMvLaxRYUJ-ACCG1MWC0l,Jazzyfizzu,52,115,132,247,46.558704453441294,5.218297938921525,161.0,161.0,Vel'Koz
267,4234,DIAMOND,II,j4HacgpU5gginiSZ1MKHXZn0E1eMTUICguu7Ciwh0ttjqZNj,APTrixx,61,38,27,65,58.46153846153847,8.059348272585144,161.0,161.0,Vel'Koz
268,1988,SILVER,II,S9ne-_RQqHYpRQhX7UPrmzjU2jQbvKyOIpwpGEbx47XbnzAW,TheHugeScott,81,26,20,46,56.52173913043478,7.334549600912202,8.0,8.0,Vladimir
269,2594,GOLD,I,5SaWximRmM_s8F9Hf2TQHOLnbLzGbL8EV5RT2pEAMLDP_IWf,unskilledbrain,39,59,38,97,60.824742268041234,5.50762365191521,8.0,8.0,Vladimir
270,3497,PLATINUM,II,N8y9zxTpoxTx65qG1kgMlrXjn5MabbVggWdV6j8WMUAi-ikD,Ye Sheng DK,26,24,30,54,44.44444444444444,6.047477299982868,8.0,8.0,Vladimir
271,1990,SILVER,II,Zr__tFgClIUasGibzgBlAVdWV6RmkT_EcoPASVedHf54PdFq,ScarraGT,22,14,14,28,50.0,5.817871759890861,141.0,141.0,Kayn
272,2049,SILVER,II,xzlH2G-iu4G4YVfKcfXkdI0-zHTh3V45WD_AWJ3PztGEtcEx,Raddatat,70,13,15,28,46.42857142857143,6.999376259476057,141.0,141.0,Kayn
273,2186,SILVER,III,aqhFbaQMd6fWruYzGTXRAcGrJH2o6pkryDebUjwMvTwpuTLy,Yuki Nakai,48,144,136,280,51.42857142857142,10.873838869411214,141.0,141.0,Kayn
274,2364,SILVER,IV,IQcVDaIeMOddQYFbzFTa47BTJi3MwasUqIU82jG_KH8ZlzoT,Papa Vlad ,58,9,9,18,50.0,7.323736278183133,141.0,141.0,Kayn
275,2887,GOLD,III,vfDR8cWS1fb8PK3Ai57i1WZVjGlWQgosvNQpfkDXPfaB5IVU,Ashikurai,0,33,27,60,55.00000000000001,13.155143188509236,141.0,141.0,Kayn
276,3874,PLATINUM,III,UEu6nJFb3cG0fN5Qn8cJFO_YxKkT1xCrwQ_1WrbOHKQbaUGC,Cyrogex,60,65,40,105,61.904761904761905,11.536704072335567,141.0,141.0,Kayn
277,4230,DIAMOND,II,j3LqzfKp8Pp7zY8ODYiVrFZmD47ZiB-EHJwjn_DP1EVdn7jp,RaverBoy,90,19,19,38,50.0,19.40263061746438,141.0,141.0,Kayn
278,2054,SILVER,III,QGWeB3NLniex2M0PZA2CfQFRdSBmdXOhLXgpIUB4vzUOuIc8,Iyupyup,96,63,81,144,43.75,10.689461044840755,202.0,202.0,Jhin
279,2193,SILVER,III,00kqI4sXreibukzjLNdZarfjbUysT8xQBBJrW-b9LZ1niqrS,666 666 666 669,78,89,89,178,50.0,8.687420389496785,26.0,26.0,Zilean
280,3373,PLATINUM,I,l0b-gvHneRjuOluVvtuEZAQeUD3RNJNyL2ectc0uehlGPkWu,Myraelity,98,23,21,44,52.27272727272727,8.81937515136837,26.0,26.0,Zilean
281,3514,PLATINUM,II,OMilR-Z_ufz3ZI0Pkq1fHVO1M6-Kzs2IrUOFp__oy9TYM1ah,skip2y0urdeath,46,145,147,292,49.65753424657534,6.454490636829588,26.0,26.0,Zilean
282,4128,DIAMOND,I,VJNWHbOt1VqWcYxuI76DuhkfgL32Wv0u_Z4YKV99It1kjc4Z,bannedforbotting,0,114,94,208,54.807692307692314,15.343156803317914,26.0,26.0,Zilean
283,4137,DIAMOND,I,wDE4f6F1__DRDDP9QMgCzDIv2rLpO7Lg9OvCr2v0hzOUq5oP,Lakeside View,33,153,116,269,56.877323420074354,10.368458610846814,26.0,26.0,Zilean
284,2214,SILVER,III,Z1SLZFhF4bKCQypFWyuhi_hWvctgu1i1PTqCEIWUqnwcXDeP,KSRocky55,72,226,231,457,49.45295404814004,5.0957832406244385,517.0,517.0,Sylas
285,2402,SILVER,IV,TsfyI5URlf6UNl20Qsz5xLsBhokQOYL-ynWRiPskUNfbuqUK,BladeSun21,100,30,31,61,49.18032786885246,5.67119058120992,517.0,517.0,Sylas
286,2236,SILVER,III,OsUwF8K8sHk4g2pmHDPAINU81fRAXKau1F49yaHnVlhvF5dR,AyeItsLegend,0,71,65,136,52.20588235294118,10.746066337445269,102.0,102.0,Shyvana
287,4165,DIAMOND,I,B_iJqy5kQqa217tpC8l_jYQEFaS5zdRD2zKStmO1Lgxrm7iQ,Idare,41,99,85,184,53.80434782608695,34.634011793798734,102.0,102.0,Shyvana
288,2270,SILVER,IV,vULq9BnRsFcjGoCjpQrpVZMA36IUEg_68kM11lksrUof4DDL,K1llerTaco666,87,61,67,128,47.65625,6.2168774181372095,53.0,53.0,Blitzcrank
289,4277,DIAMOND,II,gPRFJU6f3g6x9JnnDIVY8JqUYYA7zOxqZ5pcKQCmZHNe462q,Vishaila,67,16,9,25,64.0,9.909968068860195,53.0,53.0,Blitzcrank
290,2495,GOLD,I,rRpAc_y7jXx54gAT7TpX3gsNBfEEKdoH9acaVXQjAnzvAW-T,Rip knightofions,77,109,111,220,49.54545454545455,9.068707875986906,121.0,121.0,Kha'Zix
291,2663,GOLD,I,TnAW4fR8rQIM9oKt6ls-d3i8LL4-PpDMOPF1sbGfczG59eYd,LoseLaneBlameJg,55,15,22,37,40.54054054054054,7.424303916941954,121.0,121.0,Kha'Zix
292,3428,PLATINUM,I,wXxkTlgR8Am4x1TFKxfvWEq900-elQ6rQC8BdG1f_LvU7pY7,Damir 1,100,21,17,38,55.26315789473685,9.47602785589929,121.0,121.0,Kha'Zix
293,4115,DIAMOND,I,jJmu8RZjChOe1U44Nb9jQ4KZUFN9LosR9vfXhN3nmV5iNV8d,Damir 3,75,62,46,108,57.407407407407405,9.372634499157831,121.0,121.0,Kha'Zix
294,4272,DIAMOND,II,gdjHtrAUq_ZqI6Vw7qs9T36fAJXR14IdLLAtiau6kO0tHFK2,Damir,2,31,32,63,49.2063492063492,8.580689010662251,121.0,121.0,Kha'Zix
295,2607,GOLD,I,zDZKJamMCpolLVKyxpFpmnKdgpW0rgm4LA6WiFXFvfRWmHPl,CritsOP,28,34,34,68,50.0,8.988549854552208,23.0,23.0,Tryndamere
296,2926,GOLD,III,GH9Egl_NXOrTJfmZSNzq5Gqv_DsFbARubnrB2N3QexjY9tzJ,PickleNU,45,61,51,112,54.46428571428571,6.6727767815633925,23.0,23.0,Tryndamere
297,2942,GOLD,III,0QrgybJleDZaPDrzjU-U_7mirRDaJl7JWyip6PccgZzp1Lpq,WillyChampagne,94,136,140,276,49.275362318840585,91.53330150393887,23.0,23.0,Tryndamere
298,3553,PLATINUM,II,jjTu_bPKJE6_MBfPVYBEs0utmR8ZbFf-AboRov9Rr58oq43h,Dont Fart Here,6,8,5,13,61.53846153846154,19.164039408866998,23.0,23.0,Tryndamere
299,4040,PLATINUM,IV,mvnAzKy_f9HpQAcSW0zVZKYgDpmyH17vXsr3LRk_SMG41sAD,WaifuTrynd,0,73,74,147,49.65986394557823,15.500931646562714,23.0,23.0,Tryndamere
300,4170,DIAMOND,I,VHmZf6nf7o8O12YvW3BC5MXkcC6deupzYRANlVj8RqIydYBM,Todamax,79,27,25,52,51.92307692307693,7.742251473176704,23.0,23.0,Tryndamere
301,2610,GOLD,I,yHXDW0LimrF5q4cHEcZHzQfM7Bhzi9FREmt54eIBJhMuLhoe,G2Hipster,9,45,30,75,60.0,8.286609819725111,64.0,64.0,Lee Sin
302,2683,GOLD,II,ZbZJxV-6DeZEQB8W0sNUA-EITxPI1DVqGS717Aonlbyj3Su9,Popsicle10,0,126,133,259,48.64864864864865,9.067046725670664,64.0,64.0,Lee Sin
303,4045,PLATINUM,IV,1sya0VErEbRwGhv2JFANumWoXXTytBpIwdBmYjXrBAU0Y5KP,Mooniky,100,98,108,206,47.57281553398058,5.659097897301262,64.0,64.0,Lee Sin
304,2614,GOLD,I,C9kS_UKJSiT18_nGOb3eJAKxge3Kxiddd2EAT6ZY1jGQ5ztT,KnarfLoL,52,33,21,54,61.111111111111114,11.79939770740237,163.0,163.0,Taliyah
305,2619,GOLD,I,bfplo93VSe0G1V5iydJcYR33myloEx9g65auhywjEk1wgrLR,The Demoen King,100,105,78,183,57.377049180327866,6.572284105880944,4.0,4.0,Twisted Fate
306,3787,PLATINUM,III,GvFuQafCRhAa_3wEO65mTRpzTA_hgaVsHEG79gtZ56FrdXuX,sgustball,17,103,104,207,49.75845410628019,8.248980339276498,4.0,4.0,Twisted Fate
307,2654,GOLD,I,grzht_ecbozSrqmAt1FPGzgbxrnVOaArI519feT-REaFlAZr,FückKha6Abusers,100,8,10,18,44.44444444444444,10.913191319131913,13.0,13.0,Ryze
308,2666,GOLD,II,kVbIi4i61PkA41Nxjs6v_JHSRn6sFe07SsipuwjycoTwq1ei,Promise It Worth,64,40,24,64,62.5,6.2219735249476456,268.0,268.0,Azir
309,3906,PLATINUM,IV,fbtVXrPZt1kdjH86c1P3NHOfjGILjt3NSLuQC3909ElFqISr,ladicme,18,86,65,151,56.95364238410596,14.657651912978244,268.0,268.0,Azir
310,2692,GOLD,II,vVKpnQ6Odsbvc5p2vHm88WZewFQQWbyIiut0F93DZHSqIFtt,Conan da King 2,62,35,31,66,53.03030303030303,16.761092947220927,154.0,154.0,Zac
311,2694,GOLD,II,9u-jbalsuaZL2lqIHCltRJWigd4W1arREW0JDmqI8hZewfpw,Kamorix,40,26,26,52,50.0,8.338464868374771,90.0,90.0,Malzahar
312,2965,GOLD,III,PpjXsnQOiNliXjpYMCzSTbOq--Q49EjjSGpCkvj8dSE26nQ4,Tommy Tamale,18,47,46,93,50.53763440860215,6.682104413347687,90.0,90.0,Malzahar
313,2764,GOLD,II,WMPBNqzul-cXzAqBFMCaXtl311LK53U2_haC6MUrC8t_Rxxt,Sharpest Blade,11,38,36,74,51.35135135135135,7.497574147658669,39.0,39.0,Irelia
314,2806,GOLD,II,1rz7I6urQ70Cf4gE-q9v7Ue8SGdfEYWqrvTzuko-KbGvLPcg,Chushie,71,54,35,89,60.67415730337079,6.895917530603879,29.0,29.0,Twitch
315,3376,PLATINUM,I,r-WsgO33zT7DCVvH19Oe1FL0-2sGszOCPyUVD2BnMQgPzEF_,DIE HATE LUST,83,24,40,64,37.5,10.11046612372206,29.0,29.0,Twitch
316,3447,PLATINUM,I,KntsZuez3Iu4jmUDgSyWuW_XuO3NMI48jdj8jj_-Tw890BFq,TURBOSCOOTER,100,58,42,100,57.99999999999999,8.166819852941176,29.0,29.0,Twitch
317,4465,DIAMOND,IV,TJ8SC0c61k2DXJbWnm7BS8csYknIb-iN8e2DZJsKrnR3hsUw,NaCl Rank 2,12,13,18,31,41.935483870967744,5.364899094025754,29.0,29.0,Twitch
318,2821,GOLD,II,fHS7pDLbTZdovwhy4tx_LtEsJryaCkia89eKCp4mrm5v3Wc6,Lunar Explosion,75,57,54,111,51.35135135135135,9.855818547927509,131.0,131.0,Diana
319,2941,GOLD,III,KhcWV4stmW4pWj5RRKAsCl0426jo8pootwSdCoZQGvzPUu2C,Nameless809,0,54,44,98,55.10204081632652,11.360032526936367,41.0,41.0,Gangplank
320,3434,PLATINUM,I,wKtcE9QfnmDKW5jLc6Sjz9KVPuz-chhFOlM9Ee18fWXvbg9R,Nihil Leviathan,0,86,56,142,60.56338028169014,6.689220695471006,41.0,41.0,Gangplank
321,4144,DIAMOND,I,Y1pgmLaR2Q6lYQmHKoRgZAUgEBNZB3hsEMhJoiGlFJnDbbu0,SikoraM,90,26,19,45,57.77777777777777,16.29694064152622,41.0,41.0,Gangplank
322,4275,DIAMOND,II,Rq6icaiCmRumTLQxW3IUuZgYJnLbs65S0OpZv5WvfnL2h0vb,Scurvy Sailor,16,195,201,396,49.24242424242424,62.295772470824645,41.0,41.0,Gangplank
323,3097,GOLD,IV,C5JW8Yq-Dd70OrcIjeT60YBpppRPMaQ4UaOu7aKF_Vf5NcHP,600deadlift,6,43,41,84,51.19047619047619,5.186159933744364,79.0,79.0,Gragas
324,3799,PLATINUM,III,UNNsZQFDYdrp47M9vjGZY0eq6F2KrLFBcjgNP6lXUGhIuSFD,Ravihel,48,56,59,115,48.69565217391305,80.13069306930694,79.0,79.0,Gragas
325,3113,GOLD,IV,La-YLuct2nF8G5ga1MIKp5H7XvrLvjHq5arboWbdyH3XqzrP,Newzhongdan v3,0,66,54,120,55.00000000000001,18.961524367900328,238.0,238.0,Zed
326,3402,PLATINUM,I,qT5IqJ7yrAPiiX1ALNG5r2FuC6h99kzpTKQeTfsNtklHkaSM,Dark Paladin,4,4,6,10,40.0,6.6476516376490045,238.0,238.0,Zed
327,3728,PLATINUM,III,Jf9ylhmSVtVSfWe30KP5XMD6AC6F2rKIgo0B6I2N9TuLe-mS,Véntin,39,78,53,131,59.541984732824424,12.122709280164196,238.0,238.0,Zed
328,3844,PLATINUM,III,w1w60Izkuwe5pJTp7m1-GKuY7MfTSJM5U-tPxCHqWndnJ9T8,EnZer0Nymous,90,10,11,21,47.61904761904761,6.545698785843451,238.0,238.0,Zed
329,4248,DIAMOND,II,VUMrW-8dmSLYk5lUTIb-5utN3W1RXJuLHJ5lshpbQGtZXGm3,B Z Z K,0,77,65,142,54.22535211267606,18.464204545454546,238.0,238.0,Zed
330,4331,DIAMOND,III,2fM0zICPuN23_lz3fPFDqTLXRTGCXWrlg9G2I1k9Js58mZ1h,HowManyCanWeGet,38,211,198,409,51.58924205378973,8.889726868915982,238.0,238.0,Zed
331,4379,DIAMOND,III,WHsCxyDd3u-AOuYgEjcLqxs_q_sBXHT5ABtgPJIbpSvAu1VZ,Xeran,75,10,5,15,66.66666666666666,7.144410672070245,238.0,238.0,Zed
332,3240,GOLD,IV,-NVWjrMaiQIbaa8No3ebaVFQRuAsYlN0QAbkEPEUmRVkBa0W,NoThingzBlitz,0,51,43,94,54.25531914893617,35.15979603120968,31.0,31.0,Cho'Gath
333,3250,GOLD,IV,servOjXGbC7nM5a5jGl0b8hgWszHzbyEHP9b3xncmIFPWj0b,GrAvées,20,151,164,315,47.93650793650794,13.535475024485798,104.0,104.0,Graves
334,3271,GOLD,IV,LA7Xj0XuDLVysx9r04QLQdhysVIHPrDstIijEGzOMoymCk5D,Shairo,25,152,132,284,53.52112676056338,5.8137188191083,497.0,497.0,Rakan
335,3370,PLATINUM,I,XGmzI4c81F09qksullllj-4-XvWlm1-pXh8se-QPTq0z90L7,No JG 4 Kindred,29,102,120,222,45.94594594594595,20.097099840421837,203.0,203.0,Kindred
336,4135,DIAMOND,I,21rRrIEcSXNJhI_ildkx1xpF5Fq5uHsQiF68TSuoPbtpCavz,You Overstep,37,100,106,206,48.54368932038835,44.67600373482726,203.0,203.0,Kindred
337,3382,PLATINUM,I,ywbb2s6U1GujSnTaqw4o-ig18n4fF39H4gUOxflEaS3uqk5L,Dorans Blaze it,100,39,29,68,57.35294117647059,10.600016916180326,74.0,74.0,Heimerdinger
338,3403,PLATINUM,I,FDxz5CVURbgbQG-PPLG4v_a4hWpKwka1t8IlUGkaFS1y49xu,PROJeffectS97,100,13,13,26,50.0,9.788349514563107,240.0,240.0,Kled
339,4436,DIAMOND,IV,p-N7hnv4yOkc46QPJ8XlNbG4Z2Osjw2CgjUTVybUU1-Ea1N8,Rystol,3,11,8,19,57.89473684210527,25.484652024345063,240.0,240.0,Kled
340,3409,PLATINUM,I,VrmQKdYToGgFI882Lk8e_Z4VKax3vIXuOKDYiJ9e7cs6FIj_,Andr0meda5,100,69,43,112,61.60714285714286,9.276913599260745,78.0,78.0,Poppy
341,3454,PLATINUM,I,e4YmGJG3RxXZaOxIikrgPOY-DeiTy96IHBc3DRrTkJ48g4LU,ª ˉ,50,9,18,27,33.33333333333333,12.100071225071225,30.0,30.0,Karthus
342,3456,PLATINUM,I,CDaXXDlp3Zwpq-JmAJmAI2avPhqgY5R9QRxqE6XhiQjO-69T,DrPrince,12,129,127,256,50.390625,6.247008401130265,2.0,2.0,Olaf
343,3466,PLATINUM,I,6Tr_xzlHE2pQEK2rn6qJ9KgZ9st6XRA1m96-G5Z6htehjAy1,bokkser,64,64,58,122,52.459016393442624,17.30055441040586,267.0,267.0,Nami
344,3542,PLATINUM,II,ZLx3rRgcaSXfv5-BrJX1nXl7Te1x89yrKpEzWuPljSOa_hkt,AdoreXo,0,37,36,73,50.68493150684932,7.153116908982273,267.0,267.0,Nami
345,3470,PLATINUM,I,hBQrxYKQuSMTIZGrp8MFErrZ-b7qnHgpvGl4tnWR2acM6Cp7,Nunu and Deez ,100,30,26,56,53.57142857142857,16.688310308182785,20.0,20.0,Nunu & Willump
346,3767,PLATINUM,III,uCmQZ-doAMY7-yvKGGbYKvI4CetgfufUL2OdSmDaD-uWq4FU,The EarRæper,0,23,22,45,51.11111111111111,9.041979166666666,20.0,20.0,Nunu & Willump
347,4357,DIAMOND,III,Hgokn3HyufnJzI3Mm6ubrLmJ4ttyl4aYYwECAxyajdLgttsF,Wixzy,44,65,84,149,43.624161073825505,11.732788461538462,20.0,20.0,Nunu & Willump
348,3490,PLATINUM,II,IMfHXZ0BS4Wp9C38zEZfXmr0iIdR2A8B_TvAqe1ZzyjuLl7M,SpaceHonor,47,10,8,18,55.55555555555556,71.31666091755778,106.0,106.0,Volibear
349,3510,PLATINUM,II,0e9JjWqFpkTTnCTlpPxMAxxLAMGcCCQzqTLYInsE8VomFxu-,Sokal,18,139,105,244,56.9672131147541,9.47506817296455,429.0,429.0,Kalista
350,3558,PLATINUM,II,8MDtRWBdAPO65GVi0O0IxIDB0-9mS3z4X91HuNvWBjqCLffD,potatoeblasterll,55,90,86,176,51.13636363636363,6.059940849523227,429.0,429.0,Kalista
351,3905,PLATINUM,IV,v5CCYuyQIs_ZFdrvBEvm68CB4PamEeh0E0JOcaQK1S-roy2P,ObviousCharsi,0,157,149,306,51.307189542483655,18.7833440376793,429.0,429.0,Kalista
352,3690,PLATINUM,III,u007mW0RzKf7y1auFlQR5XIZAke8TviQo_b89kKGWTo7daK9,Please Cuddle,16,46,47,93,49.46236559139785,5.579733227155087,136.0,136.0,Aurelion Sol
353,3894,PLATINUM,IV,d0ygdNq6XSsxqWvBjFMUm7i5jtuVDulgFo1umkmJewByiIez,Iron4Shen,0,57,51,108,52.77777777777778,12.13294193519692,98.0,98.0,Shen
354,4133,DIAMOND,I,b1M1Q7ekk5lEfrARJNKqgRHBNrt_bxpIKGqYtLINu6tVOTwy,guacamole nipple,85,159,112,271,58.671586715867164,8.383263818975022,98.0,98.0,Shen
355,3901,PLATINUM,IV,4pbQfD-ZPv-U-TMt2u20t_ZOFfE_TL4DClANVP3t0IYUVv6N,LeagueOfDaveed,35,6,6,12,50.0,20.74366507528461,201.0,201.0,Braum
356,3918,PLATINUM,IV,-O5PJqhqR_4WW_UdSfANKMFrfzJRt79XbnRB0pqWhwauqDdy,Vayny,25,44,35,79,55.69620253164557,217.6163347617847,67.0,67.0,Vayne
357,3937,PLATINUM,IV,vWtE-lCdmMKDQobMXvKCUEqvXENY38pupt3mqP-KTzyGJKtG,AddMeGamerGirls,26,11,5,16,68.75,5.032067462138596,83.0,83.0,Yorick
358,4107,DIAMOND,I,bMHNJMbA15dBrxgvNvRzEL8Xsjf5GS8Qe5tAJpTKYCkxGoJ3,Z3SIeeper,65,35,31,66,53.03030303030303,9.551741328965171,83.0,83.0,Yorick
359,3957,PLATINUM,IV,LCEL_YSrZYHvqDG0rjJYE9b-xv_EwMErwvNLqYaZI0UZtqTK,Jgler Pick Sej,50,7,6,13,53.84615384615385,12.462782028644302,164.0,164.0,Camille
360,3994,PLATINUM,IV,1g0hjDUjp8SOWetJwItzzahY5dlZvZTMq2ooc86ziuASO73Y,zLORDofIDIOTS,56,180,162,342,52.63157894736842,23.781251258913105,266.0,266.0,Aatrox
361,4020,PLATINUM,IV,U6jj5h7TghhTHG6agRpJQrxwVMYvwY3eDlks86cTtUF-Gd5P,Radîcal,0,236,239,475,49.684210526315795,5.180989079579279,50.0,50.0,Swain
362,4068,PLATINUM,IV,L-2ZAO72Cz5u0-tHE9OtPjiZwVQ6XP3TwH8h83eAB8GJgkj1,LoseLaneGetCaryd,100,57,37,94,60.63829787234043,6.136014165229953,27.0,27.0,Singed
363,4074,PLATINUM,IV,l29QRs1VbDk8JOSadd5NDwpDdkYXm0_JhDmoVa2nzvP0-K4M,1320zach,0,7,9,16,43.75,5.246152059011441,126.0,126.0,Jayce
364,4083,DIAMOND,I,lWaNTgZ3QGhRC3-l_jiVoXxnNTau1VUbWeihEmxJGkjWLu7n,Warring Kingdoms,35,191,189,380,50.26315789473684,10.518851145767496,76.0,76.0,Nidalee
365,4099,DIAMOND,I,tKBVzpzqQAWUbp_8FaEhpHm4juQRaPTo4iUw9P3nOutjhhsh,B0BBY,72,25,23,48,52.083333333333336,5.547962567238965,69.0,69.0,Cassiopeia
366,4225,DIAMOND,II,x4Qjxe2rrXJvJ69FFHW2eopfrb33-Wpcw4TWWyYPc6AnVoEQ,Quinn DAD,0,20,19,39,51.28205128205128,29.90464161667193,133.0,133.0,Quinn
367,4288,DIAMOND,III,zLfvNqjiS1ZLnVEHkGZEC9cum95jD86_gawY_7nSb0c_Vk0V,G0UGE EM VALOR,34,30,19,49,61.224489795918366,27.039392031657524,133.0,133.0,Quinn
368,4279,DIAMOND,II,2uTt6gCx_F82nwUKkBbr9836JmaJUW-RKHMsC6jFCeNotVhB,IamZiggy,84,198,192,390,50.76923076923077,12.175858599716468,115.0,115.0,Ziggs
369,4351,DIAMOND,III,l2f2eHOV1rcAI_HnR9Ri3FbI1PP7CF_AHx6lSJqItTYodylQ,Sexpeku,75,39,36,75,52.0,13.295878636497207,134.0,134.0,Syndra
370,4445,DIAMOND,IV,GyhjYzS2ROgFQgP2AqPxRb49ZgFgYaV_lACylyvf0opxxQvq,CoD Athlete,0,36,40,76,47.368421052631575,12.221193242408937,34.0,34.0,Anivia
371,4448,DIAMOND,IV,Da3xo-G5gJw6fwPRZOunGDoC02IEoZTJE7SFrijvvTzJ7ui6,Hiyu,16,85,115,200,42.5,53.33267370272648,68.0,68.0,Rumble
372,4451,DIAMOND,IV,LZrpAmgo74-9x1aU84YljJckGfDdxhGqca4yPXjXpfHFW9Ap,Potato Odyssey,23,44,37,81,54.32098765432099,16.621432988779926,5.0,5.0,Xin Zhao
373,4472,DIAMOND,IV,wfyvjoRDawNIdCQqTzZg2i06jKEOiwt-eTf0KJkgMGejXHdJ,GUNTERCAT,8,19,38,57,33.33333333333333,32.99343165200149,85.0,85.0,Kennen
